{
  "timestamp": "20250724_112421",
  "total_tests": 70,
  "successful_tests": 70,
  "overall_success_rate": 100.0,
  "overall_avg_time_ms": 0.6433214284438041,
  "performance_grade": "A+",
  "detailed_results": {
    "generate_graph_query": [
      {
        "test_case": 1,
        "params": {
          "natural_query": "Find all facts about Entity_1",
          "query_language": "cypher",
          "include_explanation": true
        },
        "iterations": 5,
        "successful_runs": 5,
        "execution_times": [
          0.1798999946913682,
          0.16519999917363748,
          0.16280000272672623,
          0.18429999909130856,
          0.1599000024725683
        ],
        "avg_time_ms": 0.17041999963112175,
        "min_time_ms": 0.1599000024725683,
        "max_time_ms": 0.18429999909130856,
        "success_rate": 1.0,
        "errors": []
      },
      {
        "test_case": 2,
        "params": {
          "natural_query": "Show relationships between Entity_1 and Entity_2",
          "query_language": "cypher",
          "include_explanation": true
        },
        "iterations": 5,
        "successful_runs": 5,
        "execution_times": [
          0.17219999426743016,
          0.20010000298498198,
          0.17169999773614109,
          0.17449999722884968,
          0.1644000003580004
        ],
        "avg_time_ms": 0.17657999851508066,
        "min_time_ms": 0.1644000003580004,
        "max_time_ms": 0.20010000298498198,
        "success_rate": 1.0,
        "errors": []
      },
      {
        "test_case": 3,
        "params": {
          "natural_query": "What connects Entity_5?",
          "query_language": "sparql",
          "include_explanation": false
        },
        "iterations": 5,
        "successful_runs": 5,
        "execution_times": [
          0.16429999959655106,
          0.1520000005257316,
          0.16489999688928947,
          0.1664000010350719,
          0.14589999773306772
        ],
        "avg_time_ms": 0.15869999915594235,
        "min_time_ms": 0.14589999773306772,
        "max_time_ms": 0.1664000010350719,
        "success_rate": 1.0,
        "errors": []
      },
      {
        "test_case": 4,
        "params": {
          "natural_query": "",
          "query_language": "cypher",
          "include_explanation": true
        },
        "iterations": 5,
        "successful_runs": 5,
        "execution_times": [
          0.13330000365385786,
          0.11670000094454736,
          0.12440000136848539,
          0.13349999790079892,
          0.11870000162161887
        ],
        "avg_time_ms": 0.12532000109786168,
        "min_time_ms": 0.11670000094454736,
        "max_time_ms": 0.13349999790079892,
        "success_rate": 1.0,
        "errors": []
      }
    ],
    "hybrid_search": [
      {
        "test_case": 1,
        "params": {
          "query": "Entity_1",
          "search_type": "semantic",
          "limit": 10
        },
        "iterations": 5,
        "successful_runs": 5,
        "execution_times": [
          0.2347999979974702,
          0.23650000366615131,
          0.19359999714652076,
          0.18730000010691583,
          0.17840000509750098
        ],
        "avg_time_ms": 0.20612000080291182,
        "min_time_ms": 0.17840000509750098,
        "max_time_ms": 0.23650000366615131,
        "success_rate": 1.0,
        "errors": []
      },
      {
        "test_case": 2,
        "params": {
          "query": "relates_to",
          "search_type": "structural",
          "limit": 10
        },
        "iterations": 5,
        "successful_runs": 5,
        "execution_times": [
          0.1644000003580004,
          0.15279999934136868,
          0.1990999953704886,
          0.19530000281520188,
          0.18879999697674066
        ],
        "avg_time_ms": 0.18007999897236004,
        "min_time_ms": 0.15279999934136868,
        "max_time_ms": 0.1990999953704886,
        "success_rate": 1.0,
        "errors": []
      },
      {
        "test_case": 3,
        "params": {
          "query": "Concept",
          "search_type": "keyword",
          "limit": 10
        },
        "iterations": 5,
        "successful_runs": 5,
        "execution_times": [
          0.9804999936022796,
          0.8526000019628555,
          0.8158999989973381,
          0.8177999989129603,
          0.8042000044952147
        ],
        "avg_time_ms": 0.8541999995941296,
        "min_time_ms": 0.8042000044952147,
        "max_time_ms": 0.9804999936022796,
        "success_rate": 1.0,
        "errors": []
      },
      {
        "test_case": 4,
        "params": {
          "query": "",
          "search_type": "hybrid",
          "limit": 10
        },
        "iterations": 5,
        "successful_runs": 5,
        "execution_times": [
          0.16740000137360767,
          0.12759999663103372,
          0.1300999938393943,
          0.13669999316334724,
          0.12169999536126852
        ],
        "avg_time_ms": 0.1366999960737303,
        "min_time_ms": 0.12169999536126852,
        "max_time_ms": 0.16740000137360767,
        "success_rate": 1.0,
        "errors": []
      }
    ],
    "validate_knowledge": [
      {
        "test_case": 1,
        "params": {
          "validation_type": "consistency",
          "scope": "standard",
          "include_metrics": false
        },
        "iterations": 5,
        "successful_runs": 5,
        "execution_times": [
          2.2589000000152737,
          1.686299998254981,
          1.115900005970616,
          0.865699999849312,
          0.7702000002609566
        ],
        "avg_time_ms": 1.3394000008702278,
        "min_time_ms": 0.7702000002609566,
        "max_time_ms": 2.2589000000152737,
        "success_rate": 1.0,
        "errors": []
      },
      {
        "test_case": 2,
        "params": {
          "validation_type": "quality",
          "scope": "comprehensive",
          "include_metrics": true
        },
        "iterations": 5,
        "successful_runs": 5,
        "execution_times": [
          3.6975000039092265,
          3.6903000000165775,
          5.103600000438746,
          3.9054000008036382,
          3.640400005679112
        ],
        "avg_time_ms": 4.00744000216946,
        "min_time_ms": 3.640400005679112,
        "max_time_ms": 5.103600000438746,
        "success_rate": 1.0,
        "errors": []
      },
      {
        "test_case": 3,
        "params": {
          "validation_type": "all",
          "scope": "standard",
          "include_metrics": false
        },
        "iterations": 5,
        "successful_runs": 5,
        "execution_times": [
          1.1563999942154624,
          1.1002000028383918,
          1.07229999412084,
          1.266400002350565,
          1.0876000014832243
        ],
        "avg_time_ms": 1.1365799990016967,
        "min_time_ms": 1.07229999412084,
        "max_time_ms": 1.266400002350565,
        "success_rate": 1.0,
        "errors": []
      }
    ],
    "knowledge_quality_metrics": [
      {
        "test_case": 1,
        "params": {
          "assessment_scope": "comprehensive",
          "include_entity_analysis": true,
          "include_relationship_analysis": true
        },
        "iterations": 5,
        "successful_runs": 5,
        "execution_times": [
          0.1782000035746023,
          0.19179999799234793,
          0.15600000187987462,
          0.18279999494552612,
          0.1644000003580004
        ],
        "avg_time_ms": 0.17463999975007027,
        "min_time_ms": 0.15600000187987462,
        "max_time_ms": 0.19179999799234793,
        "success_rate": 1.0,
        "errors": []
      },
      {
        "test_case": 2,